
--RAUSHAWN CODE
CREATE TABLE DRUG(
AMOUNT NUMBER(20),
INTAKE VARCHAR(20),
COST NUMBER(20),
PAT_NUM NUMBER,
FOREIGN KEY(PAT_NUM) REFERENCES Patient(PAT_NUM)
);


--Correct
INSERT INTO DRUG (amount,intake,cost, pat_num) VALUES(20,'twice a day',50, 1);
INSERT INTO DRUG (amount,intake,cost, pat_num) VALUES(50,'three times a week',20, 2);
INSERT INTO DRUG (amount,intake,cost, pat_num) VALUES(10,'once a day',30, 3);


    
     CREATE TABLE SERVICE(   
    SERVE_TYPE VARCHAR(20),
    UNITCOST NUMBER(20),
    PAT_NUM NUMBER,
    PRIMARY KEY(SERVE_TYPE),
    FOREIGN KEY(PAT_NUM) REFERENCES PATIENT(pat_num)
    );
  
        CREATE TABLE PEDIATRIC(
        SERVE_TYPE VARCHAR(20),
        WORKER VARCHAR(20),
        PAT_NUM NUMBER,
        FOREIGN KEY(SERVE_TYPE) REFERENCES SERVICE(SERVE_TYPE),
        FOREIGN KEY(PAT_NUM) REFERENCES PATIENT(PAT_NUM)

        );
        
        CREATE TABLE GENERAL(
        SERVE_TYPE VARCHAR(20),
        WORKER VARCHAR(20),
        PAT_NUM NUMBER,
        FOREIGN KEY(SERVE_TYPE) REFERENCES SERVICE(SERVE_TYPE),
        FOREIGN KEY(PAT_NUM) REFERENCES PATIENT(PAT_NUM)
        
        );
        
        CREATE TABLE PRACTICE(
        SERVE_TYPE VARCHAR(20),
        WORKER VARCHAR(20),
        PAT_NUM NUMBER,
        FOREIGN KEY(SERVE_TYPE) REFERENCES SERVICE(SERVE_TYPE),
        FOREIGN KEY(PAT_NUM) REFERENCES PATIENT(PAT_NUM)
        );
        
        CREATE TABLE X_RAY(
        SERVE_TYPE VARCHAR(20),
        WORKER VARCHAR(20),
        PAT_NUM NUMBER,
        FOREIGN KEY(SERVE_TYPE) REFERENCES SERVICE(SERVE_TYPE),
        FOREIGN KEY(PAT_NUM) REFERENCES PATIENT(PAT_NUM)
        );
        
        CREATE TABLE SPECIALIST(
        SERVE_TYPE VARCHAR(20),
        WORKER VARCHAR(20),
        PAT_NUM NUMBER,
        FOREIGN KEY(SERVE_TYPE) REFERENCES SERVICE(SERVE_TYPE),
        FOREIGN KEY(PAT_NUM) REFERENCES PATIENT(PAT_NUM)
        );
        
        CREATE TABLE LABORATORY(
        SERVE_TYPE VARCHAR(20),
        WORKER VARCHAR(20),
        PAT_NUM NUMBER,
        FOREIGN KEY(SERVE_TYPE) REFERENCES SERVICE(SERVE_TYPE),
        FOREIGN KEY(PAT_NUM) REFERENCES PATIENT(PAT_NUM)
        );
        
        CREATE TABLE THERAPY(
        SERVE_TYPE VARCHAR(20),
        WORKER VARCHAR(20),
        PAT_NUM NUMBER,
        FOREIGN KEY(SERVE_TYPE) REFERENCES SERVICE(SERVE_TYPE),
        FOREIGN KEY(PAT_NUM) REFERENCES PATIENT(PAT_NUM)
        );
        

INSERT INTO SERVICE (serve_type, unitcost, pat_num) VALUES ('Therapist', 150, 1);
INSERT INTO SERVICE (serve_type, unitcost, pat_num) VALUES ('Laboratory', 300, 2);
INSERT INTO SERVICE (serve_type, unitcost, pat_num) VALUES ('General', 50, 3);
INSERT INTO SERVICE (serve_type, unitcost, pat_num) VALUES ('Pediatric', 200, 4);
INSERT INTO SERVICE (serve_type, unitcost, pat_num) VALUES ('Xray', 500,  5);
INSERT INTO SERVICE (serve_type, unitcost, pat_num) VALUES ('Practice', 0,  5);
INSERT INTO SERVICE (serve_type, unitcost, pat_num) VALUES ('Specialist', 300,  3);


INSERT INTO PEDIATRIC VALUES ('Pediatric', 'Jake', 2);
INSERT INTO GENERAL VALUES ('General', 'Hanner', 3);
INSERT INTO PRACTICE VALUES ('Practice', 'Kate', 1);
INSERT INTO X_RAY VALUES ('Xray', 'Paul', 5);
INSERT INTO SPECIALIST VALUES ('Specialist', 'Pete', 4);
INSERT INTO LABORATORY VALUES ('Laboratory', 'Dr. Frank', null);
INSERT INTO THERAPY VALUES ('Therapist', 'Dr. Bob', null);


   drop table invoice;
CREATE TABLE INVOICE(
INVOICEID NUMBER,
SERVE_TYPE VARCHAR(20),
COST NUMBER(20),
PAT_NUM NUMBER,
PRIMARY KEY(INVOICEID),
FOREIGN KEY(SERVE_TYPE) REFERENCES SERVICE(SERVE_TYPE),
FOREIGN KEY(PAT_NUM) REFERENCES PATIENT(PAT_NUM)
);

--Correct
INSERT INTO INVOICE  VALUES(1,'Therapist',200, 1);
INSERT INTO INVOICE  VALUES(2,'Xray',100, 2);
INSERT INTO INVOICE  VALUES(3,'Specialist',150, 3);
INSERT INTO INVOICE  VALUES(4,'Pediatric',450, 4);
INSERT INTO INVOICE  VALUES(5,'General',650, 5);


CREATE TABLE TREATMENT(
INVOICEID NUMBER,
FOREIGN KEY(INVOICEID) REFERENCES INVOICE(INVOICEID));

--Correct
INSERT INTO treatment (INVOICEID) VALUES(1);
INSERT INTO treatment (INVOICEID) VALUES(2);
INSERT INTO treatment (INVOICEID) VALUES(3);
INSERT INTO treatment (INVOICEID) VALUES(4);
INSERT INTO treatment (INVOICEID) VALUES(5);
   